id,date,tweet
1350956027282391043,2021-01-17 23:59:51+00:00,"Don‚Äôt come in to my work (retirement home) and tell me you refuse to get the vaccine and that Covid doesn‚Äôt affect 99% of folks who get it, so you‚Äôre not even being careful. Bitch I will literally call the police on you for trespassing, I have done it before."
1350956000958951426,2021-01-17 23:59:44+00:00,Like do your research I‚Äôm sorry but not trusting medicine and doctors just isn‚Äôt and excuse to me .... and y‚Äôall so scared of a vaccine but look up who‚Äôs dying the most from covid ... it‚Äôs black ppl FYI
1350955994910752774,2021-01-17 23:59:43+00:00,"Wondering what I'll get first:
1. VtM: Bloodlines 2
2. Covid vaccine
3. Covid"
1350955886190202901,2021-01-17 23:59:17+00:00,If Trump is selling pardons then you know he sold our COVID vaccine reserves.
1350955660968656901,2021-01-17 23:58:23+00:00,.@sbancel You have a responsibility to make sure the COVID-19 vaccines @Moderna_TX produces are available to everyone who needs them‚Äîespecially the most vulnerable. Will you commit now to put people over profit and ensure a #PeoplesVaccine?
1350955475592949761,2021-01-17 23:57:39+00:00,".. Paterson,NJ official's gave people coming from south Jersey the COVID-19 vaccine before its own citizens."
1350955464499093506,2021-01-17 23:57:36+00:00,Father in Law - 87 years old - still awaiting invitation for his #Covid vaccine.
1350955315056025601,2021-01-17 23:57:01+00:00,i hear that if you get the covid-19 vaccine you'll end up married to the vice president of the united states
1350955293610536962,2021-01-17 23:56:56+00:00,So riddle me this @GovMikeDeWine how does @ClevelandClinic get 3000 doses of #CovidVaccine for this weeks phase group and run out of them before when the they were supposed to begin distributing them to 80 and 75 year olds? #VaccineStrategy #vaccine #OhioState #ohio #Cleveland
1350955261100498946,2021-01-17 23:56:48+00:00,I'm amazed at the science of this COVID-19 vaccine. Of course this is COVID-19 so there's been time to research SARs-2. To make instructional mRNA teach the body to protect itself with protein spikes without using any COVID is truly science changing. It leaves me in awe. ‚ù§Ô∏è
1350955170868432899,2021-01-17 23:56:26+00:00,#CovidVaccine why are no vaccination centres in Northamptonshire ? Or East Midlands ? #CoronavirusVaccine #COVID19Vaccination #ministerforvaccine
1350955122948517895,2021-01-17 23:56:15+00:00,I support a #PeoplesVaccine! I‚Äôm calling on @JNJNews to commit right now to ensuring the COVID-19 vaccine is distributed fairly and equitably to people all over the world. People over profit! #OneWorldProtected
1350955028975144962,2021-01-17 23:55:53+00:00,My brother-in-law is dying from #Covid when he should be getting a Covid vaccine because he‚Äôs a dermatologist. Damn Covid and those who allowed it to get out of control.
1350954738762842116,2021-01-17 23:54:43+00:00,really weird that 23 deaths is enough to turn some ppl off from the vaccine but over 2 million deaths from covid doesn‚Äôt seem to stop them from going out partying/not wearing a mask ü§®
1350954694416412675,2021-01-17 23:54:33+00:00,"Day 5: Exhausted. 

#CovidVaccine"
1350954559682838529,2021-01-17 23:54:01+00:00,My dad just got a Covid vaccine. I may have choked up as I watched the needle go in.  After seeing men just like him die every day in the hospital..it Totally evoked the emotion of all these months of worry about my dad. I felt a small sense of relief. #VaccinesSaveLives #COVID
1350954538828754947,2021-01-17 23:53:56+00:00,"üö®Daily Pfizer Dose 1 #CovidVaccine Updateüíâ(Day 4/21) Feel completely normal! No side effects last 2 days!üôÉAsk any questions‚≠êÔ∏èPlease RT‚≠êÔ∏è#vaccinateny 
@ABC7NY @CNN @NBCNewYork @CBSNewYork @NYDailyNews @fox5ny @PIX11News @nytimes @NY1 @cbcnews @BBC @wsj @time @washingtonpost @ap"
1350954483296198665,2021-01-17 23:53:42+00:00,"Here is the special brew, brewing now.

Covid-19 taken lightly by the  people
No one wants vaccine. 
Needed something more threatening, now its  ""a mutant"" covid.
Let the capitol be stormed
Because of the threats, a practice of Marshall law can be instituted.
Vaccination card"
1350954430125010944,2021-01-17 23:53:30+00:00,Frustrating #covid #vaccine situation in @CityofSanMarcos  @hayscountygov I know someone w an appt to get it up near Temple because they can't here.
1350954409832964096,2021-01-17 23:53:25+00:00,Anyone who is turning down this vaccine please get in touch! I‚Äôd happily take it #CovidVaccine
1350954379382288390,2021-01-17 23:53:18+00:00,"To anyone who has received a Covid-19 vaccine, were you tested first?"
1350954300877504514,2021-01-17 23:52:59+00:00,"In a couple of days will believers of twice impeached outgoing @POTUS* acknowledge the lack of access to COVID-19 vaccine, job losses, business closings, hungry families &amp; an uncontrolled deadly pandemic? You can't blame @JoeBiden for problems if you refuse to admit they exist."
1350954095549493256,2021-01-17 23:52:10+00:00,I got the first dose of the COVID vaccine today. I know some people are worried about side effects so I'll share my experience. The poke itself was similar to a flu shot. The medicine didn't feel like anything (no burn). My arm isn't sore. I don't feel sick. I'll keep you posted.
1350953889667964930,2021-01-17 23:51:21+00:00,.@sbancel You have a responsibility to make sure the COVID-19 vaccines @Moderna_TX produces are available to everyone who needs them‚Äîespecially the most vulnerable. Will you commit now to put people over profit and ensure a #PeoplesVaccine?
1350953742678503430,2021-01-17 23:50:46+00:00,"omg my dad‚Äôs friend sent him an anti vax video, and my dad responded with his covid vaccine card"
1350953710533423106,2021-01-17 23:50:38+00:00,The first covid vaccine shot makes you whip and the second one makes you nae nae
1350953682595176449,2021-01-17 23:50:32+00:00,COVID-19 VACCINE THIS IS A JOKE CANT GET AN APPOINTMENT to get the Shot GOVERNOR MIKE DEWINE THIS IS WRONG!!!!!!
1350953663632732170,2021-01-17 23:50:27+00:00,"I keep seeing that the Covid -19 vaccine is unorganized around our nation. Wouldn‚Äôt it be smart if the counties that have an organized and smooth system, share it with other counties, towns, cities? Moore Co. N.C. has just that. SHARE!"
1350953558909317123,2021-01-17 23:50:02+00:00,"Prince William Praises Grandparents Queen Elizabeth &amp; Prince Philip For Getting COVID-19 Vaccine: Prince William has reacted to his grandparents, Queen Elizabeth II and Prince Philip, taking the COVID-19 vaccine. Taking part in Britain‚Äôs COVID-19 vaccination roll-out‚Ä¶-by Meiller"
1350953549191131139,2021-01-17 23:50:00+00:00,Newspaper headlines and TV news all about the vaccine. Playing into Boris the Butchers hands when 1200 people a day are dying from COVID. We see what you are trying to do
1350953506396635137,2021-01-17 23:49:50+00:00,.@sbancel You have a responsibility to make sure the COVID-19 vaccines @Moderna_TX produces are available to everyone who needs them‚Äîespecially the most vulnerable. Will you commit now to put people over profit and ensure a #PeoplesVaccine?
1350953385437114370,2021-01-17 23:49:21+00:00,On a plus I get my covid vaccine tomorrow
1350953350343389186,2021-01-17 23:49:12+00:00,"It's strange that that common man has no idea when the most vulnerable group viz the senior citizens will get the Covid Vaccine extremely extremely strange.
@mybmc @adarpoonawalla @AUThackeray @CovidIndiaSeva @MantralayaRoom"
1350953330214842370,2021-01-17 23:49:08+00:00,First shift completed as a new vaccinator - well organised team and lovely staff and of course amazing patients  üëè‚ù§Ô∏è @NHSKentCHFT #vaccines #covid #notmynormaljob #supported
1350953282781515776,2021-01-17 23:48:56+00:00,RANT: I am suffering greatly from the envy of some of my American peers who have already received the Covid vaccine.
1350953250921590785,2021-01-17 23:48:49+00:00,"Today we topped 397,000 deaths in the United States from COVID-19 and will surely top the 400K mark. #WearAMask #WashHands #SocialDistancing #StayHome #vaccine"
1350953119237206017,2021-01-17 23:48:17+00:00,I support a #PeoplesVaccine! I‚Äôm calling on @JNJNews to commit right now to ensuring the COVID-19 vaccine is distributed fairly and equitably to people all over the world. People over profit! #OneWorldProtected
1350953103332438017,2021-01-17 23:48:13+00:00,I have been tested negative for covid. But when it's time for me to take the vaccine I would.
1350953053176922114,2021-01-17 23:48:02+00:00,making covid vaccine appointments in nyc has been very hard for people but especially for the elderly that aren‚Äôt so tech savvy :/ it seems calling in isn‚Äôt easy either
1350953010860589056,2021-01-17 23:47:51+00:00,The covid vaccine is Kafkaesque because I don't know what Kafka is and I also don't know what the vaccine is
1350952972851814400,2021-01-17 23:47:42+00:00,"Riverside County RUHS, Riverside Medical Clinic, Disney Land, Covid Vaccines starting to be available in CA to patients 65 and older and first responders and teachers! Check with your county and PCP! #CovidVaccine @willsuh76 @MitulPPatel1 @bkolskk @adityadoc1"
1350952923073798144,2021-01-17 23:47:31+00:00,"I think I'm getting the COVID vaccine tommorow... Not entirely sure, I'm going in for a check-up so I can get another prescription refill, but apparently my county just started rolling it out to healthcare workers at my clinic."
1350952863481159684,2021-01-17 23:47:16+00:00,"If you had the chance to get to Covid vaccine right now, would you do it?"
1350952628017111044,2021-01-17 23:46:20+00:00,I‚Äôm so happy my dad got the covid vaccine üò≠üò≠
1350952609092411392,2021-01-17 23:46:16+00:00,There are massive shortages of the Covid-19 vaccine because Trump let the stockpiles run out! President Biden will have manufacturers  ramp up production immediately and Dr. Fauci said President-elect Biden is on track for a smooth and effective distribution
1350952565232578561,2021-01-17 23:46:05+00:00,"I have finally seen the full COVID narrative loop: someone saying, ""the people in Norway who died after taking the COVID vaccine may have died simply because they are old and frail""

...The exact same thing others said, doubting whether old people were truly dying *of* COVID"
1350952531481001989,2021-01-17 23:45:57+00:00,#NEW: DODGER STADIUM MAY RUN OUT OF COVID-19 VACCINES AFTER WEDNESDAY. @CoreResponse tells ABC News their allotment of vaccine doses will likely run out Wednesday and certainly by Thursday. The group is in charge of vaccinations at Dodger Stadium. @ABC7
1350952528117170180,2021-01-17 23:45:56+00:00,"I just read that people with Down Syndrome are 10 times more likely to die after contracting Covid 
I shouldn‚Äôt have to assume that these folks are at the front of the line for the vaccine 
If you don‚Äôt understand what I just said, unfollow me because I‚Äôm getting tired 
Fed app"
1350952335531520007,2021-01-17 23:45:10+00:00,I gave about 200 covid vaccines today and I am exhausted üò´
1350952167885205507,2021-01-17 23:44:30+00:00,COVID vaccine shot 1of 2 done!
1350952139015811083,2021-01-17 23:44:24+00:00,Would any like to buy my flowers for Valentine‚Äôs Day and I‚Äôll get the covid vaccine and kiss you
1350951952495083526,2021-01-17 23:43:39+00:00,"#skypapers Rachel, there have been many people of 79+ in ICU with Covid who were surprised to be there. Tell your friends they can pass on the vaccine appointment and let some deserving person have the vaccine."
1350951803278516232,2021-01-17 23:43:04+00:00,Projection of 400k Covid-19 deaths in US  by mid week. 500k by mid year.  Quite a hoax! Oh and now we're looking at the Sputnik vaccine and Brazil has approved the Chinese one. Oh how our MSM laughed. Ignorant tossers.
1350951776061706241,2021-01-17 23:42:57+00:00,"Shout out to all the other #GenX-ers spending hours &amp; hours online trying to get their elderly parents signed up for COVID-19 vaccines‚Äîespecially in NY (looking at you, Nassau County üëÄ)‚Äîwhat a hot dumpster fire mess of a system ü§¨"
1350951536084590593,2021-01-17 23:42:00+00:00,"I‚Äôm sorry. If you support Donald Trump, you should not get first dibs on the covid vaccine. You wait like the rest of us. I said what I fucking said."
1350951403481653251,2021-01-17 23:41:28+00:00,Now tho they're on about vaccinating ALL adults by September....what's the odds with this sort of painstakingly slow roleout the virus mutates enough to render the vaccine so ineffective by then that we need to start the process all over again just in time for next flu/covid/
1350951384229814272,2021-01-17 23:41:24+00:00,Americans are the only people I know who can be a full time sales associate at Autozone and argue with a Virologist about how Covid is fake. #COVID19 #CovidVaccine #coronavirus
1350951361588977671,2021-01-17 23:41:18+00:00,Any medical doctor that says ‚Äúthere‚Äôs nothing wrong with (arbitrarily) changing the dosage schedule of the Covid vaccine‚Äù should be de-certified from the profession. If I was one of their patients I would NEVER trust their professional judgement again. Complete incompetence.
1350951354823544834,2021-01-17 23:41:17+00:00,.@sbancel You have a responsibility to make sure the COVID-19 vaccines @Moderna_TX produces are available to everyone who needs them‚Äîespecially the most vulnerable. Will you commit now to put people over profit and ensure a #PeoplesVaccine?
1350951281372884994,2021-01-17 23:40:59+00:00,My manager thinks Covid is fake AND that the vaccine was created to thin out the population LMAO
1350951180709539846,2021-01-17 23:40:35+00:00,"Finding a measured bit of peace as more of our elders get the vaccine (or at least get scheduled), even as several family &amp; chosen kin are battling covid right now, even as we know there are more dark days ahead. Prayers and masks up and much light to all...üôèüèΩüíõ"
1350951134609944576,2021-01-17 23:40:24+00:00,Day 17 post #CovidVaccine first dosage: What a nice and relaxing day to not have any symptoms or side effects from the vaccination
1350951092276908032,2021-01-17 23:40:14+00:00,i really hope that whenever i eventually get my covid vaccine i turn up and it‚Äôs mildred ratched and instead of vaccinating me she just murders me instead
1350951082458050562,2021-01-17 23:40:12+00:00,Can I just say I got the COVID vaccine yesterday and I haven‚Äôt grown a third nipple or been spied on by the government yet x
1350951077051559940,2021-01-17 23:40:10+00:00,if u ate food out of an easy bake oven do not worry about what‚Äôs in the covid vaccine
1350950988354629635,2021-01-17 23:39:49+00:00,Anyone get a #COVID vaccine at the #Indio fairgrounds? How was your experience?
1350950845454684160,2021-01-17 23:39:15+00:00,"There should be transparency in the pricing of COVID-19 vaccines. The so-called ""non-disclosure agreement"" with vaccine makers is unjust and against public interest. Bakit itatago sa publiko ang totoong presyo?"
1350950811929604096,2021-01-17 23:39:07+00:00,Does anyone know how I go about finding out if I'm eligible for a Covid vaccine and where I can get it?
1350950723928862721,2021-01-17 23:38:46+00:00,Welp I don‚Äôt have covid. The vaccine did its job üëçüèº
1350950580890570762,2021-01-17 23:38:12+00:00,"I once ate a piece of pizza that fell cheesy side down onto the Burrito Loco floor. I have no concerns about what‚Äôs in the Covid vaccine, babe üòó"
1350950511596462085,2021-01-17 23:37:56+00:00,My lovely grandparents got their first COVID vaccine doses on Friday evening! üôåüèº Feeling very happy/relieved/positive (and still totally wowed by the pace and scale of the science behind this!) ü¶†üíâ
1350950310181822465,2021-01-17 23:37:08+00:00,Illegal immigrants crossing The border will be getting covid vaccines before Americans. Truth. Welcome to your new fucking shit show
1350950271304806403,2021-01-17 23:36:58+00:00,i just imagined a scenario where a kid uses the covid vaccine to come out to their anti-vax parents
1350950226266349570,2021-01-17 23:36:48+00:00,.@sbancel You have a responsibility to make sure the COVID-19 vaccines @Moderna_TX produces are available to everyone who needs them‚Äîespecially the most vulnerable. Will you commit now to put people over profit and ensure a #PeoplesVaccine?
1350950185048944644,2021-01-17 23:36:38+00:00,julia holban*l is going to come on her story one day with her opinion on the covid vaccine and that‚Äôll be the day twitter breaks down
1350950110646173697,2021-01-17 23:36:20+00:00,"I learned today that at least 55 people who have received the Covid-19 vaccine have died BECAUSE of the vaccine! AND, over 1,300 have been hospitalized with complications FROM the vaccine! Why is the media silent on this?"
1350950028400062466,2021-01-17 23:36:00+00:00,"prediction: every reaction to the covid vaccines not purchased by australia will be treated by media as the worst thing thats happened in the history of humanity so rw media can go 'see, maybe az doesnt work, but it probably wont kill you'"
1350949934300880917,2021-01-17 23:35:38+00:00,After the vaccine is given birthing units across Australia will be desolate
1350949910011670528,2021-01-17 23:35:32+00:00,"People who said ‚Äúthe day the election is over, covid will not be a thing‚Äù are now in line to get the vaccine ü§∑üèº‚Äç‚ôÄÔ∏èü§∑üèº‚Äç‚ôÄÔ∏è"
1350949789869944837,2021-01-17 23:35:03+00:00,Tips for securing a covid vaccine appointment for my 85 year old grandma? This is the 2021 version of securing Hamilton tickets ü•¥
1350949785398816773,2021-01-17 23:35:02+00:00,In a meeting at work on Friday ppl talked about being afraid of side effects associated w the vaccines. I asked how they felt about the long term side effects of having had covid. I pointed out that the poiny was that their odds were better w the vaccine than w Covid and their
1350949671942950916,2021-01-17 23:34:35+00:00,On my way to get my Covid vaccine!
1350949540027887621,2021-01-17 23:34:04+00:00,I‚Äôm torn on the vaccination messaging. The vaccine only protects you from dying. It doesn‚Äôt stop you from catching COViD and/or spreading it. So the same precautions will still need to be adhered too. One with COVID and the vaccine will still need to isolate to prevent spreading
1350949517278011397,2021-01-17 23:33:59+00:00,"Who‚Äôs looking forward to another week  in lockdown? üôÑ

#lockdown #uklockdown #coronavirus #Covid19UK #coronavirus #covid-19 #week #weekendsover #sundayvibes #uk #london #vaccine #furlough #monday #homeschooling #home #nowork #StayHomeSaveLives #stayhome #keyworkers #2021"
1350949503143182337,2021-01-17 23:33:55+00:00,"After we get everyone vaccinated for covid, maybe we can get to work on the vaccine for those of you out here allergic to Black Joy."
1350949478883332107,2021-01-17 23:33:49+00:00,Administering Covid Vaccines For clinical this week ü•¥.. Idk if I‚Äôm excited or nervous lol . I guess both !
1350949465335738375,2021-01-17 23:33:46+00:00,#PeoplesVaccine  .@JNJNews You have a responsibility to make sure the COVID-19 vaccines you produce are available to everyone who needs them‚Äîespecially the most vulnerable. Will you commit now to put people over profit and ensure a #PeoplesVaccine?
1350949234745503747,2021-01-17 23:32:51+00:00,"How can we rely so much on a #vaccine that no one has any idea how it will work in the long term (esp with the incorrect dose time) why do we not have another plan running along side it @BorisJohnson, the #tiersystem ain‚Äôt it #COVID19 #CoronaVac #COVID #lockdown #ZeroCovid"
1350949137475391492,2021-01-17 23:32:28+00:00,It's funny that people has conspiracy theories in Covid vaccines turning into anything. What if I made a conspiracy theory where the vaccines turn people into Pokemon?? Isnt that funny??
1350949136066093062,2021-01-17 23:32:28+00:00,"406,790 Americans are dead because of COVID........that many deaths could have been prevented.  And even last week his admin were lying about the number of vaccines.  

Who should be held responsible?  I know whom I hold responsible."
1350949134803546115,2021-01-17 23:32:27+00:00,"I love that even though it‚Äôs been fixed, everyone driving down n Carrollton comes to an almost complete stop at banks"
1350949014670364672,2021-01-17 23:31:59+00:00,"I legit don‚Äôt understand why you‚Äôd have to still wear a mask after you get the covid vaccine.
 
How long are we supposed to accept masks everywhere as the new norm?

#fuckthat

If you‚Äôre a ‚Äúmask nazi‚Äù or someone who thinks covid is deadly, please unfollow.

Thank you kindly!"
1350948968927256577,2021-01-17 23:31:48+00:00,if anyone wants to take my covid vaccine hmu ill give u my badge and everything
1350948940884156419,2021-01-17 23:31:41+00:00,I‚Äôm getting my covid vaccine tomorrow morning! Yayy for being in group 1A!! üíÉüèªüíÉüèª
1350948872022056960,2021-01-17 23:31:25+00:00,my grandmother got her first covid vaccine today!! she's a 2 time cancer survivor at 81 years old. i love her so much.
1350948864287760384,2021-01-17 23:31:23+00:00,stop spreading harmful propaganda on social media‚ù§Ô∏è fear mongering from either side of the covid and/or vaccine arguments can be detrimental to ppls health‚ù§Ô∏è let ppl do what they like and you do what u like as long as you're not harming others (like by not wearing a mask)‚ù§Ô∏è
1350948821732360195,2021-01-17 23:31:13+00:00,In Fl seniors are being put in a waitlist to sign up to get the #CovidVaccine  unbelievable.
1350948694728839178,2021-01-17 23:30:42+00:00,"Instead of helping with the Covid-19 vaccine rollout, the national guard in each state are defending their Capitols against Trump and the violent insurrectionists."
1350948589724442628,2021-01-17 23:30:17+00:00,Emotionally devastated Winn Dixie doesn‚Äôt have the gallon jar of sour pickles
1350948572032880641,2021-01-17 23:30:13+00:00,.@sbancel You have a responsibility to make sure the COVID-19 vaccines @Moderna_TX produces are available to everyone who needs them‚Äîespecially the most vulnerable. Will you commit now to put people over profit and ensure a #PeoplesVaccine?
1350948526801485829,2021-01-17 23:30:02+00:00,I aint the brightest light bulb in the room but that covid vaccine damn sure aint a vitamin üòí
